{"cameraMode":{"drawMode":0,"name":"Shaded","section":"Shading Mode"},"sceneLighting":true,"audioPlay":false,"sceneViewState":{"showFog":true,"showMaterialUpdate":false,"showSkybox":true,"showFlares":true,"showImageEffects":true,"showParticleSystems":true},"in2DMode":false,"pivot":{"x":12.381324768066407,"y":0.7731781005859375,"z":2.5257506370544435},"rotation":{"x":-0.2211994081735611,"y":0.7017549276351929,"z":-0.6309377551078796,"w":-0.24602742493152619},"size":28.653573989868165,"orthographic":false}