{"cameraMode":{"drawMode":0,"name":"Shaded","section":"Shading Mode"},"sceneLighting":false,"audioPlay":false,"sceneViewState":{"showFog":true,"showMaterialUpdate":false,"showSkybox":false,"showFlares":true,"showImageEffects":true,"showParticleSystems":true},"in2DMode":false,"pivot":{"x":-0.2204691767692566,"y":1.2996255159378052,"z":0.2790347933769226},"rotation":{"x":-0.22026583552360536,"y":0.684960663318634,"z":-0.2302689552307129,"w":-0.6552047729492188},"size":1.7571334838867188,"orthographic":false}