{"cameraMode":{"drawMode":0,"name":"Shaded","section":"Shading Mode"},"sceneLighting":false,"audioPlay":false,"sceneViewState":{"showFog":true,"showMaterialUpdate":false,"showSkybox":false,"showFlares":true,"showImageEffects":true,"showParticleSystems":true},"in2DMode":false,"pivot":{"x":-0.047009944915771487,"y":2.2817487716674806,"z":-0.2633137106895447},"rotation":{"x":-0.22026583552360536,"y":0.684960663318634,"z":-0.2302689552307129,"w":-0.6552047729492188},"size":3.6440184116363527,"orthographic":false}