{
    "name": "root",
    "gauges": {
        "MoverCube.Policy.Entropy.mean": {
            "value": 1.4142316579818726,
            "min": 1.4046298265457153,
            "max": 1.4409552812576294,
            "count": 50
        },
        "MoverCube.Environment.EpisodeLength.mean": {
            "value": 16.41509433962264,
            "min": 10.781963470319635,
            "max": 120.45569620253164,
            "count": 50
        },
        "MoverCube.Policy.ExtrinsicValueEstimate.mean": {
            "value": 0.7432196140289307,
            "min": -0.06739290058612823,
            "max": 0.8633139133453369,
            "count": 50
        },
        "MoverCube.Environment.CumulativeReward.mean": {
            "value": 0.9232081911262798,
            "min": 0.10126582278481013,
            "max": 0.948512585812357,
            "count": 50
        },
        "MoverCube.Policy.ExtrinsicReward.mean": {
            "value": 0.9232081911262798,
            "min": 0.10126582278481013,
            "max": 0.948512585812357,
            "count": 50
        },
        "MoverCube.Losses.PolicyLoss.mean": {
            "value": 0.25047147935362407,
            "min": 0.23598948084880358,
            "max": 0.2532177818546329,
            "count": 50
        },
        "MoverCube.Losses.ValueLoss.mean": {
            "value": 0.0896490508321449,
            "min": 0.030581169220991092,
            "max": 0.0896490508321449,
            "count": 50
        },
        "MoverCube.Policy.LearningRate.mean": {
            "value": 2.9818695943117655e-06,
            "min": 2.9818695943117655e-06,
            "max": 0.00029714232095255996,
            "count": 50
        },
        "MoverCube.Policy.Epsilon.mean": {
            "value": 0.10099392352941179,
            "min": 0.10099392352941179,
            "max": 0.19904744,
            "count": 50
        },
        "MoverCube.Policy.Beta.mean": {
            "value": 1.4870225294117651e-05,
            "min": 1.4870225294117651e-05,
            "max": 0.0004953324559999999,
            "count": 50
        },
        "MoverCube.IsTraining.mean": {
            "value": 1.0,
            "min": 1.0,
            "max": 1.0,
            "count": 50
        }
    },
    "metadata": {
        "timer_format_version": "0.1.0",
        "start_time_seconds": "1614737291",
        "python_version": "3.8.7 (tags/v3.8.7:6503f05, Dec 21 2020, 17:59:51) [MSC v.1928 64 bit (AMD64)]",
        "command_line_arguments": "C:\\Users\\Jeb\\AppData\\Local\\Programs\\Python\\Python38\\Scripts\\mlagents-learn .\\movercube_config.yaml --run-id=MoverCube --force",
        "mlagents_version": "0.23.0",
        "mlagents_envs_version": "0.23.0",
        "communication_protocol_version": "1.3.0",
        "pytorch_version": "1.7.0+cu110",
        "numpy_version": "1.18.5",
        "end_time_seconds": "1614738434"
    },
    "total": 1143.3642378999998,
    "count": 1,
    "self": 0.004945999999790729,
    "children": {
        "run_training.setup": {
            "total": 0.00453250000000005,
            "count": 1,
            "self": 0.00453250000000005
        },
        "TrainerController.start_learning": {
            "total": 1143.3547594,
            "count": 1,
            "self": 1.299713100019062,
            "children": {
                "TrainerController._reset_env": {
                    "total": 5.943255300000001,
                    "count": 1,
                    "self": 5.943255300000001
                },
                "TrainerController.advance": {
                    "total": 1136.071362899981,
                    "count": 78815,
                    "self": 0.6310196999891104,
                    "children": {
                        "env_step": {
                            "total": 1135.440343199992,
                            "count": 78815,
                            "self": 1049.2274093000594,
                            "children": {
                                "SubprocessEnvManager._take_step": {
                                    "total": 85.48579879995935,
                                    "count": 78815,
                                    "self": 2.5901950999694066,
                                    "children": {
                                        "TorchPolicy.evaluate": {
                                            "total": 82.89560369998995,
                                            "count": 55579,
                                            "self": 30.11650229997744,
                                            "children": {
                                                "TorchPolicy.sample_actions": {
                                                    "total": 52.77910140001251,
                                                    "count": 55579,
                                                    "self": 52.77910140001251
                                                }
                                            }
                                        }
                                    }
                                },
                                "workers": {
                                    "total": 0.7271350999731512,
                                    "count": 78815,
                                    "self": 0.0,
                                    "children": {
                                        "worker_root": {
                                            "total": 1136.8965036999969,
                                            "count": 78815,
                                            "is_parallel": true,
                                            "self": 489.62118549996455,
                                            "children": {
                                                "steps_from_proto": {
                                                    "total": 0.0002791999999995909,
                                                    "count": 1,
                                                    "is_parallel": true,
                                                    "self": 6.95000000003887e-05,
                                                    "children": {
                                                        "_process_vector_observation": {
                                                            "total": 0.0002096999999992022,
                                                            "count": 2,
                                                            "is_parallel": true,
                                                            "self": 0.0002096999999992022
                                                        }
                                                    }
                                                },
                                                "UnityEnvironment.step": {
                                                    "total": 647.2750390000323,
                                                    "count": 78815,
                                                    "is_parallel": true,
                                                    "self": 4.119398000023239,
                                                    "children": {
                                                        "UnityEnvironment._generate_step_input": {
                                                            "total": 18.6608959999987,
                                                            "count": 78815,
                                                            "is_parallel": true,
                                                            "self": 18.6608959999987
                                                        },
                                                        "communicator.exchange": {
                                                            "total": 611.8465282000145,
                                                            "count": 78815,