{
    "name": "root",
    "gauges": {
        "MoverCube.Policy.Entropy.mean": {
            "value": 1.3698402643203735,
            "min": 1.3698402643203735,
            "max": 1.4465157985687256,
            "count": 24
        },
        "MoverCube.Environment.EpisodeLength.mean": {
            "value": 16.485903814262024,
            "min": 16.21262458471761,
            "max": 99.78350515463917,
            "count": 24
        },
        "MoverCube.Policy.ExtrinsicValueEstimate.mean": {
            "value": 0.8456354141235352,
            "min": 0.22054702043533325,
            "max": 0.8617164492607117,
            "count": 24
        },
        "MoverCube.Environment.CumulativeReward.mean": {
            "value": 0.9451827242524917,
            "min": 0.32432432432432434,
            "max": 0.9507494646680942,
            "count": 24
        },
        "MoverCube.Policy.ExtrinsicReward.mean": {
            "value": 0.9451827242524917,
            "min": 0.32432432432432434,
            "max": 0.9507494646680942,
            "count": 24
        },
        "MoverCube.Losses.PolicyLoss.mean": {
            "value": 0.24627676941468427,
            "min": 0.2396424646508866,
            "max": 0.2525034060728671,
            "count": 24
        },
        "MoverCube.Losses.ValueLoss.mean": {
            "value": 0.017985443333819504,
            "min": 0.015981520885265634,
            "max": 0.0969421145367076,
            "count": 24
        },
        "MoverCube.Policy.LearningRate.mean": {
            "value": 0.00015912570557880348,
            "min": 0.00015912570557880348,
            "max": 0.0002975612008129333,
            "count": 24
        },
        "MoverCube.Policy.Epsilon.mean": {
            "value": 0.15304188620689657,
            "min": 0.15304188620689657,
            "max": 0.1991870666666667,
            "count": 24
        },
        "MoverCube.Policy.Beta.mean": {
            "value": 0.0002699052424137931,
            "min": 0.0002699052424137931,
            "max": 0.0004960166266666666,
            "count": 24
        },
        "MoverCube.IsTraining.mean": {
            "value": 1.0,
            "min": 1.0,
            "max": 1.0,
            "count": 24
        }
    },
    "metadata": {
        "timer_format_version": "0.1.0",
        "start_time_seconds": "1614663793",
        "python_version": "3.8.7 (tags/v3.8.7:6503f05, Dec 21 2020, 17:59:51) [MSC v.1928 64 bit (AMD64)]",
        "command_line_arguments": "C:\\Users\\Jeb\\AppData\\Local\\Programs\\Python\\Python38\\Scripts\\mlagents-learn .\\movercube_config.yaml --run-id=MoverCube --force",
        "mlagents_version": "0.23.0",
        "mlagents_envs_version": "0.23.0",
        "communication_protocol_version": "1.3.0",
        "pytorch_version": "1.7.0+cu110",
        "numpy_version": "1.18.5",
        "end_time_seconds": "1614664385"
    },
    "total": 591.8594792,
    "count": 1,
    "self": 0.003716099999905964,
    "children": {
        "run_training.setup": {
            "total": 0.005135600000000018,
            "count": 1,
            "self": 0.005135600000000018
        },
        "TrainerController.start_learning": {
            "total": 591.8506275000001,
            "count": 1,
            "self": 1.3218795000150294,
            "children": {
                "TrainerController._reset_env": {
                    "total": 6.5124646,
                    "count": 1,
                    "self": 6.5124646
                },
                "TrainerController.advance": {
                    "total": 583.9524991999849,
                    "count": 71885,
                    "self": 0.5626059999893869,
                    "children": {
                        "env_step": {
                            "total": 583.3898931999955,
                            "count": 71885,
                            "self": 497.80202630000514,
                            "children": {
                                "SubprocessEnvManager._take_step": {
                                    "total": 84.96594359999054,
                                    "count": 71885,
                                    "self": 2.6276719999990803,
                                    "children": {
                                        "TorchPolicy.evaluate": {
                                            "total": 82.33827159999146,
                                            "count": 62136,
                                            "self": 31.44478169999374,
                                            "children": {
                                                "TorchPolicy.sample_actions": {
                                                    "total": 50.89348989999772,
                                                    "count": 62136,
                                                    "self": 50.89348989999772
                                                }
                                            }
                                        }
                                    }
                                },
                                "workers": {
                                    "total": 0.621923299999839,
                                    "count": 71884,
                                    "self": 0.0,
                                    "children": {
                                        "worker_root": {
                                            "total": 584.7129742999882,
                                            "count": 71884,
                                            "is_parallel": true,
                                            "self": 157.39557199998683,
                                            "children": {
                                                "steps_from_proto": {
                                                    "total": 0.00020259999999971967,
                                                    "count": 1,
                                                    "is_parallel": true,
                                                    "self": 5.6199999999506645e-05,
                                                    "children": {
                                                        "_process_vector_observation": {
                                                            "total": 0.00014640000000021303,
                                                            "count": 2,
                                                            "is_parallel": true,
                                                            "self": 0.00014640000000021303
                                                        }
                                                    }
                                                },
                                                "UnityEnvironment.step": {
                                                    "total": 427.31719970000137,
                                                    "count": 71884,
                                                    "is_parallel": true,
                                                    "self": 3.7789293000045063,
                                                    "children": {
                                                        "UnityEnvironment._generate_step_input": {
                                                            "total": 11.74595879999647,
                                                            "count": 71884,
                                                            "is_parallel": true,
                                                            "self": 11.74595879999647
                                                        },
                                                        "communicator.exchange": {
                                                            "total": 401.95767400000835,
                                                            "count": 71884,