{
    "name": "root",
    "gauges": {
        "MoverCube.Policy.Entropy.mean": {
            "value": 1.322649598121643,
            "min": 1.3216817378997803,
            "max": 1.4283206462860107,
            "count": 50
        },
        "MoverCube.Policy.ExtrinsicValueEstimate.mean": {
            "value": 0.7352648973464966,
            "min": 0.07715075463056564,
            "max": 0.8741384148597717,
            "count": 50
        },
        "MoverCube.Losses.PolicyLoss.mean": {
            "value": 0.23874722231558337,
            "min": 0.23788329216807436,
            "max": 0.2535038153078012,
            "count": 50
        },
        "MoverCube.Losses.ValueLoss.mean": {
            "value": 0.039251311033915,
            "min": 0.014904197256546648,
            "max": 0.039251311033915,
            "count": 50
        },
        "MoverCube.Policy.LearningRate.mean": {
            "value": 3.0347851953344835e-06,
            "min": 3.0347851953344835e-06,
            "max": 0.00029743492585502493,
            "count": 50
        },
        "MoverCube.Policy.Epsilon.mean": {
            "value": 0.10101156206896551,
            "min": 0.10101156206896551,
            "max": 0.199144975,
            "count": 50
        },
        "MoverCube.Policy.Beta.mean": {
            "value": 1.4956654137931036e-05,
            "min": 1.4956654137931036e-05,
            "max": 0.0004958103775,
            "count": 50
        },
        "MoverCube.Environment.EpisodeLength.mean": {
            "value": 19.315151515151516,
            "min": 11.83673469387755,
            "max": 132.21333333333334,
            "count": 50
        },
        "MoverCube.Environment.CumulativeReward.mean": {
            "value": 0.9326732673267327,
            "min": 0.1267605633802817,
            "max": 0.9542772861356932,
            "count": 50
        },
        "MoverCube.Policy.ExtrinsicReward.mean": {
            "value": 0.9326732673267327,
            "min": 0.1267605633802817,
            "max": 0.9542772861356932,
            "count": 50
        },
        "MoverCube.IsTraining.mean": {
            "value": 1.0,
            "min": 1.0,
            "max": 1.0,
            "count": 50
        }
    },
    "metadata": {
        "timer_format_version": "0.1.0",
        "start_time_seconds": "1614693074",
        "python_version": "3.8.7 (tags/v3.8.7:6503f05, Dec 21 2020, 17:59:51) [MSC v.1928 64 bit (AMD64)]",
        "command_line_arguments": "C:\\Users\\Jeb\\AppData\\Local\\Programs\\Python\\Python38\\Scripts\\mlagents-learn .\\movercube_config.yaml --run-id=MoverCube --force",
        "mlagents_version": "0.23.0",
        "mlagents_envs_version": "0.23.0",
        "communication_protocol_version": "1.3.0",
        "pytorch_version": "1.7.0+cu110",
        "numpy_version": "1.18.5",
        "end_time_seconds": "1614694217"
    },
    "total": 1143.4936888,
    "count": 1,
    "self": 0.005378300000074887,
    "children": {
        "run_training.setup": {
            "total": 0.02689010000000014,
            "count": 1,
            "self": 0.02689010000000014
        },
        "TrainerController.start_learning": {
            "total": 1143.4614204,
            "count": 1,
            "self": 2.292994300009923,
            "children": {
                "TrainerController._reset_env": {
                    "total": 7.756266200000001,
                    "count": 1,
                    "self": 7.756266200000001
                },
                "TrainerController.advance": {
                    "total": 1133.37058399999,
                    "count": 144051,
                    "self": 1.0885039999923265,
                    "children": {
                        "env_step": {
                            "total": 1132.2820799999977,
                            "count": 144051,
                            "self": 965.8920180000185,
                            "children": {
                                "SubprocessEnvManager._take_step": {
                                    "total": 165.19332719996842,
                                    "count": 144051,
                                    "self": 4.915717199942634,
                                    "children": {
                                        "TorchPolicy.evaluate": {
                                            "total": 160.2776100000258,
                                            "count": 125061,
                                            "self": 61.128999800041925,
                                            "children": {
                                                "TorchPolicy.sample_actions": {
                                                    "total": 99.14861019998386,
                                                    "count": 125061,
                                                    "self": 99.14861019998386
                                                }
                                            }
                                        }
                                    }
                                },
                                "workers": {
                                    "total": 1.19673480001072,
                                    "count": 144051,
                                    "self": 0.0,
                                    "children": {
                                        "worker_root": {
                                            "total": 1134.592080500005,
                                            "count": 144051,
                                            "is_parallel": true,
                                            "self": 297.120077899991,
                                            "children": {
                                                "steps_from_proto": {
                                                    "total": 0.00025569999999941473,
                                                    "count": 1,
                                                    "is_parallel": true,
                                                    "self": 5.889999999997286e-05,
                                                    "children": {
                                                        "_process_vector_observation": {
                                                            "total": 0.00019679999999944187,
                                                            "count": 2,
                                                            "is_parallel": true,
                                                            "self": 0.00019679999999944187
                                                        }
                                                    }
                                                },
                                                "UnityEnvironment.step": {
                                                    "total": 837.4717469000141,
                                                    "count": 144051,
                                                    "is_parallel": true,
                                                    "self": 7.264279299995792,
                                                    "children": {
                                                        "UnityEnvironment._generate_step_input": {
                                                            "total": 23.663853099987506,
                                                            "count": 144051,
                                                            "is_parallel": true,
                                                            "self": 23.663853099987506
                                                        },
                                                        "communicator.exchange": {
                                                            "total": 787.8336396999938,
                                                            "count": 144051,